Raw_workbook_label,Analysis_label_in_manuscript,Manuscript_region,Reason
Station 7,Station 1,West,Harmonized to the station numbering and West/Central/East grouping reported in the manuscript
Station 8,Station 2,West,Harmonized to the station numbering and West/Central/East grouping reported in the manuscript
Station 9,Station 3,West,Harmonized to the station numbering and West/Central/East grouping reported in the manuscript
Station 4,Station 4,Central,Harmonized to the station numbering and West/Central/East grouping reported in the manuscript
Station 5,Station 5,Central,Harmonized to the station numbering and West/Central/East grouping reported in the manuscript
Station 6,Station 6,Central,Harmonized to the station numbering and West/Central/East grouping reported in the manuscript
Station 1,Station 7,East,Harmonized to the station numbering and West/Central/East grouping reported in the manuscript
Station 2,Station 8,East,Harmonized to the station numbering and West/Central/East grouping reported in the manuscript
Station 3,Station 9,East,Harmonized to the station numbering and West/Central/East grouping reported in the manuscript
